codigo,titulo
1,"Objetivo"
2,"Referências normativas"
3,"Definições"
3.1,"Componentes da instalação"
3.2,"Proteção contra choques elétricos"
3.3,"Proteção contra choques elétricos e proteção contra sobretensões e perturbações eletromagnéticas"
3.4,"Linhas elétricas"
3.5,"Serviços de segurança"
4,"Princípios fundamentais e determinação das características gerais"
4.1,"Princípios fundamentais"
4.1.1,"Proteção contra choques elétricos"
4.1.2,"Proteção contra efeitos térmicos"
4.1.3,"Proteção contra sobrecorrentes"
4.1.4,"Circulação de correntes de falta"
4.1.5,"Proteção contra sobretensões"
4.1.6,"Serviços de segurança"
4.1.7,"Desligamento de emergência"
4.1.8,"Seccionamento"
4.1.9,"Independência da instalação elétrica"
4.1.10,"Acessibilidade dos componentes"
4.1.11,"Seleção dos componentes"
4.1.12,"Prevenção de efeitos danosos ou indesejados"
4.1.13,"Instalação dos componentes"
4.1.14,"Verificação da instalação"
4.1.15,"Qualificação profissional"
4.2,"Determinação das características gerais"
4.2.1,"Utilização e demanda - Potência de alimentação"
4.2.2,"Esquema de distribuição"
4.2.3,"Alimentações"
4.2.4,"Serviços de segurança"
4.2.5,"Divisão da instalação"
4.2.6,"Classificação das influências externas"
4.2.7,"Compatibilidade"
4.2.8,"Manutenção"
5,"Proteção para garantir segurança"
5.1,"Proteção contra choques elétricos"
5.1.1,"Introdução"
5.1.2,"Medidas de proteção"
5.1.3,"Proteção adicional"
5.1.4,"Aplicação das medidas de proteção contra choques elétricos"
5.1.5,"Proteção parcial contra choques elétricos"
5.1.6,"Omissão da proteção contra choques elétricos"
5.2,"Proteção contra efeitos térmicos"
5.2.1,"Generalidades"
5.2.2,"Proteção contra incêndio"
5.2.3,"Proteção contra queimaduras"
5.3,"Proteção contra sobrecorrentes"
5.3.1,"Generalidades"
5.3.2,"Proteção de acordo com a natureza dos circuitos"
5.3.3,"Natureza dos dispositivos de proteção"
5.3.4,"Proteção contra correntes de sobrecarga"
5.3.5,"Proteção contra correntes de curto-circuito"
5.3.6,"Coordenação entre a proteção contra sobrecargas e a proteção contra curtos-circuitos"
5.3.7,"Limitação das sobrecorrentes através das características da alimentação"
5.4,"Proteção contra sobretensões e perturbações eletromagnéticas"
5.4.1,"Proteção contra sobretensões temporárias"
5.4.2,"Proteção contra sobretensões transitórias"
5.4.3,"Prevenção de influências eletromagnéticas nas instalações e seus componentes"
5.5,"Proteção contra quedas e faltas de tensão"
5.6,"Seccionamento e comando"
5.6.1,"Introdução"
5.6.2,"Generalidades"
5.6.3,"Seccionamento"
5.6.4,"Seccionamento para manutenção mecânica"
5.6.5,"Seccionamento de emergência e parada de emergência"
5.6.6,"Comando funcional"
6,"Seleção e instalação dos componentes"
6.1,"Prescrições comuns a todos os componentes da instalação"
6.1.1,"Generalidades"
6.1.2,"Conformidade com as normas"
6.1.3,"Condições de serviço e influências externas"
6.1.4,"Acessibilidade"
6.1.5,"Identificação dos componentes"
6.1.6,"Independência dos componentes"
6.1.7,"Compatibilidade eletromagnética"
6.1.8,"Documentação da instalação"
6.2,"Seleção e instalação das linhas elétricas"
6.2.1,"Generalidades"
6.2.2,"Tipos de linhas elétricas"
6.2.3,"Condutores"
6.2.4,"Seleção e instalação em função das influências externas"
6.2.5,"Capacidades de condução de corrente"
6.2.6,"Condutores de fase e condutor neutro"
6.2.7,"Quedas de tensão"
6.2.8,"Conexões"
6.2.9,"Condições gerais de instalação"
6.2.10,"Disposição dos condutores"
6.2.11,"Prescrições para instalação"
6.3,"Dispositivos de proteção, seccionamento e comando"
6.3.1,"Generalidades"
6.3.2,"Prescrições comuns"
6.3.3,"Dispositivos destinados a assegurar o seccionamento automático da alimentação visando proteção contra choques elétricos"
6.3.4,"Dispositivos de proteção contra sobrecorrentes"
6.3.5,"Dispositivos de proteção contra surtos (DPS)"
6.3.6,"Coordenação entre diferentes dispositivos de proteção"
6.3.7,"Dispositivos de seccionamento e de comando"
6.4,"Aterramento e eqüipotencialização"
6.4.1,"Aterramento"
6.4.2,"Eqüipotencialização"
6.4.3,"Condutores de proteção (PE)"
6.4.4,"Condutores de eqüipotencialização"
6.4.5,"Eqüipotencialização funcional"
6.4.6,"Aterramento por razões funcionais"
6.4.7,"Aterramento combinado (funcional e de proteção)"
6.5,"Outros componentes"
6.5.1,"Motores elétricos"
6.5.2,"Bateria de acumuladores"
6.5.3,"Tomadas de corrente e extensões"
6.5.4,"Conjuntos de proteção, manobra e comando"
6.5.5,"Equipamentos de utilização"
6.6,"Serviços de segurança"
6.6.6,"Fontes de segurança"
6.6.7,"Circuitos de segurança"
6.6.8,"Equipamentos de utilização"
7,"Verificação final"
7.1,"Prescrições gerais"
7.2,"Inspeção visual"
7.3,"Ensaios"
7.3.1,"Prescrições gerais"
7.3.2,"Continuidade dos condutores de proteção, incluindo as eqüipotencializações principal e suplementares"
7.3.3,"Resistência de isolamento da instalação"
7.3.4,"Resistência de isolamento aplicável a SELV, PELV e separação elétrica"
7.3.5,"Verificação das condições de proteção por eqüipotencialização e seccionamento automático da alimentação"
7.3.6,"Ensaio de tensão aplicada"
7.3.7,"Ensaios de funcionamento"
8,"Manutenção"
8.1,"Periodicidade"
8.2,"Qualificação do pessoal"
8.3,"Verificações de rotina - Manutenção preventiva"
8.3.1,"Condutores"
8.3.2,"Quadros de distribuição e painéis"
8.3.3,"Equipamentos móveis"
8.3.4,"Ensaios"
8.3.5,"Ensaio geral"
8.4,"Manutenção corretiva"
9,"Requisitos complementares para instalações ou locais específicos"
9.1,"Locais contendo banheira ou chuveiro"
9.1.1,"Campo de aplicação"
9.1.2,"Determinação das características gerais"
9.1.3,"Proteção para garantir segurança"
9.1.4,"Seleção e instalação dos componentes"
9.2,"Piscinas"
9.2.1,"Campo de aplicação"
9.2.2,"Determinação das características gerais"
9.2.3,"Proteção para garantir segurança"
9.2.4,"Seleção e instalação dos componentes"
9.3,"Compartimentos condutivos"
9.3.1,"Campo de aplicação"
9.3.2,"Alimentação de ferramentas portáteis e de aparelhos de medição portáteis"
9.3.3,"Alimentação de lâmpadas portáteis"
9.3.4,"Alimentação dos equipamentos fixos"
9.3.5,"SELV"
9.3.6,"Separação elétrica individual"
9.4,"Locais contendo aquecedores de sauna"
9.4.1,"Campo de aplicação"
9.4.2,"Classificação dos volumes"
9.4.3,"Proteção para garantir segurança"
9.4.4,"Seleção e instalação dos componentes"
9.5,"Locais de habitação"
9.5.1,"Campo de aplicação"
9.5.2,"Previsão de carga"
9.5.3,"Divisão da instalação"
9.5.4,"Proteção contra sobrecorrentes"
